{
  "bestConfig": {
    "kill": 58.5,
    "tower": 13.5,
    "time": {
      "c": 297,
      "t": 536
    },
    "thresh": 0.55,
    "correct": 924,
    "total": 1608,
    "pct": 57.46268656716418,
    "score": 2304.246566408632,
    "kills": {
      "c": 294,
      "t": 536
    },
    "towers": {
      "c": 333,
      "t": 536
    }
  },
  "highAccConfigs": []
}